participant_code,name,age,participant_type
P001,Mahesh Naidu,61,senior
P002,Ishaan Sharma,68,senior
P003,Priya Ghosh,55,senior
P004,Neha Nair,59,senior
P005,Rahul Iyer,66,senior
P006,Dhruv Menon,57,senior
P007,Saanvi Desai,60,senior
P008,Isha Mishra,61,senior
P009,Ravi Naidu,64,senior
P010,Ravi Iyer,69,senior
P011,Mahesh Mukherjee,57,senior
P012,Ishaan Gowda,56,senior
P013,Vihaan Iyer,56,senior
P014,Arjun Shetty,62,senior
P015,Pooja Desai,68,senior
P016,Arjun Shetty,55,senior
P017,Arjun Agarwal,69,senior
P018,Yash Jain,55,senior
P019,Niharika Rao,59,senior
P020,Arjun Patel,61,senior
P021,Ishaan Shetty,70,senior
P022,Aadhya Naidu,67,senior
P023,Rohan Kulkarni,70,senior
P024,Aadhya Kulkarni,63,senior
P025,Siddharth Kulkarni,62,senior
P026,Isha Menon,62,senior
P027,Sneha Mishra,63,senior
P028,Meera Jain,63,senior
P029,Niharika Mukherjee,72,senior
P030,Vivaan Singh,62,senior
P031,Vihaan Mishra,55,senior
P032,Arjun Desai,57,senior
P033,Saanvi Varma,68,senior
P034,Deepak Ghosh,65,senior
P035,Arjun Patel,64,senior
P036,Karthik Menon,72,senior
P037,Siddharth Pandey,64,senior
P038,Aditya Patel,68,senior
P039,Ishaan Gowda,75,senior
P040,Lakshmi Menon,73,senior
P041,Arjun Ghosh,65,senior
P042,Riya Mishra,55,senior
P043,Lakshmi Naidu,69,senior
P044,Neha Choudhary,70,senior
P045,Vivaan Pandey,74,senior
P046,Rohan Nair,72,senior
P047,Niharika Pandey,67,senior
P048,Deepak Agarwal,64,senior
P049,Rahul Mukherjee,56,senior
P050,Pranav Varma,56,senior
P051,Rahul Sharma,75,senior
P052,Varun Mukherjee,63,senior
P053,Riya Kulkarni,73,senior
P054,Aadhya Shetty,57,senior
P055,Aadhya Mishra,72,senior
P056,Krish Rao,68,senior
P057,Pooja Shetty,64,senior
P058,Pooja Kulkarni,58,senior
P059,Saanvi Sharma,58,senior
P060,Deepak Yadav,59,senior
P061,Siddharth Sharma,55,senior
P062,Arjun Nair,59,senior
P063,Sneha Gupta,71,senior
P064,Vihaan Patel,62,senior
P065,Arjun Kulkarni,74,senior
P066,Rohan Mishra,69,senior
P067,Rohan Iyer,74,senior
P068,Rahul Singh,63,senior
P069,Ravi Kulkarni,57,senior
P070,Aarav Agarwal,66,senior
P071,Yash Mishra,59,senior
P072,Aadhya Choudhary,70,senior
P073,Siddharth Shetty,74,senior
P074,Varun Iyer,75,senior
P075,Ravi Menon,59,senior
P076,Diya Menon,74,senior
P077,Aditya Menon,75,senior
P078,Diya Iyer,62,senior
P079,Saanvi Desai,68,senior
P080,Diya Sharma,63,senior
P081,Arjun Desai,59,senior
P082,Priya Gupta,74,senior
P083,Vihaan Menon,71,senior
P084,Isha Gupta,74,senior
P085,Siddharth Menon,57,senior
P086,Dhruv Iyer,71,senior
P087,Arjun Desai,58,senior
P088,Isha Nair,73,senior
P089,Deepak Shetty,73,senior
P090,Lakshmi Choudhary,69,senior
P091,Aadhya Iyer,58,senior
P092,Harini Ghosh,57,senior
P093,Ishaan Mukherjee,62,senior
P094,Mahesh Naidu,61,senior
P095,Pranav Menon,56,senior
P096,Dhruv Yadav,67,senior
P097,Aarav Sharma,66,senior
P098,Ishaan Kulkarni,56,senior
P099,Yash Choudhary,73,senior
P100,Pooja Iyer,65,senior
P101,Aadhya Iyer,70,senior
P102,Aarav Iyer,74,senior
P103,Neha Rao,74,senior
P104,Lakshmi Shetty,64,senior
P105,Neha Varma,69,senior
P106,Karthik Pandey,72,senior
P107,Isha Rao,73,senior
P108,Yash Gupta,68,senior
P109,Dhruv Agarwal,68,senior
P110,Saanvi Mukherjee,71,senior
P111,Riya Gowda,75,senior
P112,Pranav Kulkarni,70,senior
P113,Rohan Jain,61,senior
P114,Lakshmi Jain,72,senior
P115,Ravi Agarwal,74,senior
P116,Sneha Nair,55,senior
P117,Aarav Mukherjee,69,senior
P118,Deepak Kulkarni,59,senior
P119,Siddharth Mukherjee,73,senior
P120,Neha Pandey,65,senior
P121,Deepak Rao,64,senior
P122,Priya Naidu,74,senior
P123,Neha Menon,71,senior
P124,Divya Ghosh,64,senior
P125,Lakshmi Singh,74,senior
P126,Meera Shetty,55,senior
P127,Ravi Sharma,68,senior
P128,Dhruv Shetty,75,senior
P129,Ishaan Agarwal,74,senior
P130,Pooja Ghosh,56,senior
P131,Meera Menon,74,senior
P132,Lakshmi Ghosh,58,senior
P133,Aarav Shetty,64,senior
P134,Keerthi Menon,62,senior
P135,Ravi Mukherjee,67,senior
P136,Sneha Naidu,73,senior
P137,Pranav Gowda,56,senior
P138,Sneha Gowda,71,senior
P139,Lakshmi Rao,55,senior
P140,Keerthi Desai,75,senior
P141,Ishaan Varma,66,senior
P142,Varun Mishra,69,senior
P143,Riya Shetty,72,senior
P144,Niharika Gowda,61,senior
P145,Varun Sharma,70,senior
P146,Keerthi Reddy,70,senior
P147,Aadhya Jain,64,senior
P148,Vihaan Agarwal,74,senior
P149,Ananya Sharma,68,senior
P150,Aarav Pandey,19,student
P151,Varun Naidu,21,student
P152,Pranav Mishra,27,student
P153,Meera Agarwal,21,student
P154,Mahesh Jain,18,student
P155,Arjun Yadav,19,student
P156,Aarav Yadav,24,student
P157,Niharika Varma,19,student
P158,Ravi Mishra,25,student
P159,Pranav Yadav,19,student
P160,Aadhya Agarwal,27,student
P161,Sneha Patel,18,student
P162,Yash Shetty,23,student
P163,Rohan Menon,22,student
P164,Ravi Pandey,19,student
P165,Mahesh Reddy,24,student
P166,Meera Yadav,22,student
P167,Ravi Mukherjee,21,student
P168,Neha Nair,23,student
P169,Pooja Mishra,25,student
P170,Ravi Gupta,25,student
P171,Krish Gowda,24,student
P172,Sneha Naidu,24,student
P173,Riya Nair,20,student
P174,Rahul Mishra,23,student
P175,Niharika Shetty,22,student
P176,Sneha Reddy,19,student
P177,Priya Kulkarni,21,student
P178,Pooja Pandey,27,student
P179,Keerthi Ghosh,21,student
P180,Yash Reddy,27,student
P181,Ravi Mukherjee,26,student
P182,Karthik Ghosh,25,student
P183,Krish Varma,26,student
P184,Priya Mishra,20,student
P185,Aditya Mishra,26,student
P186,Aditya Nair,27,student
P187,Pooja Gupta,20,student
P188,Aadhya Pandey,25,student
P189,Mahesh Gupta,19,student
P190,Neha Naidu,25,student
P191,Diya Gupta,23,student
P192,Priya Agarwal,20,student
P193,Harini Reddy,22,student
P194,Keerthi Mukherjee,26,student
P195,Sneha Mishra,23,student
P196,Yash Varma,18,student
P197,Priya Pandey,27,student
P198,Harini Menon,23,student
P199,Divya Gupta,27,student
P200,Meera Gowda,19,student
P201,Ishaan Shetty,21,student
P202,Isha Iyer,27,student
P203,Saanvi Sharma,23,student
P204,Aadhya Jain,23,student
P205,Harini Gowda,20,student
P206,Diya Jain,22,student
P207,Ananya Sharma,25,student
P208,Karthik Patel,22,student
P209,Ananya Mishra,26,student
P210,Aditya Ghosh,27,student
P211,Riya Ghosh,25,student
P212,Divya Pandey,24,student
P213,Aadhya Menon,28,student
P214,Siddharth Mishra,24,student
P215,Neha Mukherjee,27,student
P216,Krish Choudhary,27,student
P217,Niharika Mishra,26,student
P218,Siddharth Singh,23,student
P219,Keerthi Ghosh,23,student
P220,Vihaan Mukherjee,25,student
P221,Rohan Ghosh,20,student
P222,Karthik Gowda,20,student
P223,Rahul Gowda,20,student
P224,Ananya Nair,22,student
P225,Aditya Pandey,24,student
P226,Saanvi Rao,19,student
P227,Karthik Desai,21,student
P228,Aarav Gupta,20,student
P229,Saanvi Gowda,26,student
P230,Deepak Gowda,18,student
P231,Yash Agarwal,27,student
P232,Sneha Desai,27,student
P233,Aarav Varma,19,student
P234,Varun Mukherjee,20,student
P235,Deepak Singh,24,student
P236,Aditya Patel,24,student
P237,Rahul Desai,26,student
P238,Yash Shetty,28,student
P239,Sneha Patel,22,student
P240,Varun Sharma,19,student
P241,Sneha Singh,25,student
P242,Aadhya Ghosh,22,student
P243,Riya Gowda,24,student
P244,Neha Nair,23,student
P245,Pranav Yadav,20,student
P246,Rahul Gupta,28,student
P247,Arjun Shetty,24,student
P248,Krish Shetty,28,student
P249,Isha Sharma,22,student
P250,Priya Iyer,25,student
P251,Priya Jain,19,student
P252,Divya Sharma,28,student
P253,Varun Yadav,26,student
P254,Ishaan Agarwal,20,student
P255,Ishaan Pandey,28,student
P256,Ravi Gowda,24,student
P257,Isha Choudhary,27,student
P258,Keerthi Desai,25,student
P259,Aditya Ghosh,22,student
P260,Meera Gowda,23,student
P261,Rohan Yadav,21,student
P262,Saanvi Gowda,26,student
P263,Keerthi Patel,19,student
P264,Ravi Patel,27,student
P265,Aditya Yadav,25,student
P266,Karthik Singh,25,student
P267,Keerthi Agarwal,28,student
P268,Dhruv Choudhary,26,student
P269,Vivaan Jain,21,student
P270,Priya Kulkarni,18,student
P271,Varun Reddy,26,student
P272,Lakshmi Iyer,24,student
P273,Pranav Mishra,23,student
P274,Meera Gupta,20,student
P275,Varun Varma,21,student
P276,Aditya Rao,22,student
P277,Varun Jain,28,student
P278,Pranav Ghosh,19,student
P279,Priya Singh,24,student
P280,Pooja Menon,22,student
P281,Siddharth Yadav,21,student
P282,Aadhya Sharma,18,student
P283,Meera Iyer,18,student
P284,Mahesh Ghosh,26,student
P285,Pranav Desai,24,student
P286,Aarav Singh,20,student
P287,Rahul Shetty,21,student
P288,Isha Sharma,26,student
P289,Isha Ghosh,22,student
P290,Saanvi Agarwal,22,student
P291,Aditya Desai,25,student
P292,Yash Sharma,28,student
P293,Siddharth Menon,23,student
P294,Pranav Gowda,24,student
P295,Pranav Sharma,22,student
P296,Siddharth Singh,25,student
P297,Aarav Kulkarni,23,student
P298,Siddharth Rao,27,student
P299,Rahul Desai,20,student
P300,Niharika Rao,25,student
